objectid,filename,youtubeid,title,format,object_location,image_small,image_thumb,description,dimensions,state,available_for_loan,category,creator,recipient,date,date-is-approximate?,item_information,subject,location,latitude,longitude,related_publication,publisher-digital,source,findingaid,original-identifier,identifier,rights,rightsstatement,hardcopy,type,language,relation
fmt000001,fmt000001_undated_arup_illumination_by_moonlight_research.pdf,,Illumination by moonlight,application/pdf,objects/fmt000001_undated_arup_illumination_by_moonlight_research.pdf,objects/small/fmt000001_undated_arup_illumination_by_moonlight_research_sm.jpg,objects/thumbs/fmt000001_undated_arup_illumination_by_moonlight_research_th.jpg,,A4,,,,,,,,,,,,,,,Humbert Camerlo archive,,,,"Educational use includes non-commercial use of text and images in materials for teaching and research purposes. Digital reproduction permissions granted by the Humbert Camerlo Estate and Full Moon Theatre Project. For other uses beyond free use, please contact theatredelapleinelune@gmail.com.",https://rightsstatements.org/vocab/InC-EDU/1.0/,yes,Fax,en,
fmt000002,fmt000002_undated_arup_questions_that_have_to_be_answered.pdf,,Questions that have to be answered,application/pdf,,,,,A4,,,,,,,,,,,,,,,Humbert Camerlo archive,,,,"Educational use includes non-commercial use of text and images in materials for teaching and research purposes. Digital reproduction permissions granted by the Humbert Camerlo Estate and Full Moon Theatre Project. For other uses beyond free use, please contact theatredelapleinelune@gmail.com.",https://rightsstatements.org/vocab/InC-EDU/1.0/,yes,Fax,en,
fmt000003,fmt000003_1988-03-29_arup_peter_rice_experiments.pdf,,Peter Rice Experiments Fax,application/pdf,,,,,A4,good condition,,,,,1988-03-29,no,,,,,,,,Humbert Camerlo archive,,,,"Educational use includes non-commercial use of text and images in materials for teaching and research purposes. Digital reproduction permissions granted by the Humbert Camerlo Estate and Full Moon Theatre Project. For other uses beyond free use, please contact theatredelapleinelune@gmail.com.",https://rightsstatements.org/vocab/InC-EDU/1.0/,yes,Fax,en,
fmt000004,fmt000004_1989-06-26_arup_andy_sedgwick_prototype_collecteur_lunaire.pdf,,Prototype of moonlight collector,application/pdf,,,,,A4,,,,,,1989-06-26,no,,,,,,,,Humbert Camerlo archive,,,,"Educational use includes non-commercial use of text and images in materials for teaching and research purposes. Digital reproduction permissions granted by the Humbert Camerlo Estate and Full Moon Theatre Project. For other uses beyond free use, please contact theatredelapleinelune@gmail.com.",https://rightsstatements.org/vocab/InC-EDU/1.0/,yes,Fax,en,
fmt000005,fmt000005_1989-07-12_arup_andy_sedgwick_collecteur_lunaire_dimensions.pdf,,Dimensions of moonlight collector,application/pdf,,,,,A4,,,,,,1989-07-12,no,,,,,,,,Humbert Camerlo archive,,,,"Educational use includes non-commercial use of text and images in materials for teaching and research purposes. Digital reproduction permissions granted by the Humbert Camerlo Estate and Full Moon Theatre Project. For other uses beyond free use, please contact theatredelapleinelune@gmail.com.",https://rightsstatements.org/vocab/InC-EDU/1.0/,yes,Fax,en,
fmt000006,fmt000006_1989-08-15_arup_andy_sedgwick_message_lunar_eclipse.pdf,,Message on the lunar eclipse,application/pdf,,,,,A4,,,,,,1989-08-15,no,,,,,,,,Humbert Camerlo archive,,,,"Educational use includes non-commercial use of text and images in materials for teaching and research purposes. Digital reproduction permissions granted by the Humbert Camerlo Estate and Full Moon Theatre Project. For other uses beyond free use, please contact theatredelapleinelune@gmail.com.",https://rightsstatements.org/vocab/InC-EDU/1.0/,yes,Fax,en,
fmt000007,fmt000007_1990-04-09_arup_andy_sedgwick_transportation_colour_moonlight_studies.pdf,,Light transport and moonlight colour studies,application/pdf,,,,,A4,,,,,,1990-04-09,no,,,,,,,,Humbert Camerlo archive,,,,"Educational use includes non-commercial use of text and images in materials for teaching and research purposes. Digital reproduction permissions granted by the Humbert Camerlo Estate and Full Moon Theatre Project. For other uses beyond free use, please contact theatredelapleinelune@gmail.com.",https://rightsstatements.org/vocab/InC-EDU/1.0/,yes,Fax,en,
fmt000008,fmt000008_1990-10-22_arup_andy_sedgwick_suggestions_investigations_experiments.pdf,,Suggetions on investigations and experiments,application/pdf,,,,,A4,,,,,,1990-10-22,no,,,,,,,,Humbert Camerlo archive,,,,"Educational use includes non-commercial use of text and images in materials for teaching and research purposes. Digital reproduction permissions granted by the Humbert Camerlo Estate and Full Moon Theatre Project. For other uses beyond free use, please contact theatredelapleinelune@gmail.com.",https://rightsstatements.org/vocab/InC-EDU/1.0/,yes,Fax,en,
fmt000009,fmt000009_1991-02-14_arup_andy_sedgwick_preliminary_theatre_layout_sketch.pdf,,Sketch of preliminary theatre layout,application/pdf,,,,,A4,,,,,,1991-02-14,no,,,,,,,,Humbert Camerlo archive,,,,"Educational use includes non-commercial use of text and images in materials for teaching and research purposes. Digital reproduction permissions granted by the Humbert Camerlo Estate and Full Moon Theatre Project. For other uses beyond free use, please contact theatredelapleinelune@gmail.com.",https://rightsstatements.org/vocab/InC-EDU/1.0/,yes,Fax,en,
fmt000010,fmt000010_1991-02-14_arup_andy_sedgwick_preliminary_theatre_3d_layout.pdf,,3D of preliminary theatre layout,application/pdf,,,,,A4,,,,,,1991-02-14,no,,,,,,,,Humbert Camerlo archive,,,,"Educational use includes non-commercial use of text and images in materials for teaching and research purposes. Digital reproduction permissions granted by the Humbert Camerlo Estate and Full Moon Theatre Project. For other uses beyond free use, please contact theatredelapleinelune@gmail.com.",https://rightsstatements.org/vocab/InC-EDU/1.0/,yes,Fax,en,
fmt000011,fmt000011_1991-02-19_arup_andy_mcdowell_moon_path_diagrams.pdf,,Moon path diagrams,application/pdf,,,,,A4,,,,,,1991-02-19,no,,,,,,,,Humbert Camerlo archive,,,,"Educational use includes non-commercial use of text and images in materials for teaching and research purposes. Digital reproduction permissions granted by the Humbert Camerlo Estate and Full Moon Theatre Project. For other uses beyond free use, please contact theatredelapleinelune@gmail.com.",https://rightsstatements.org/vocab/InC-EDU/1.0/,yes,Fax,en,
fmt000012,fmt000012_1991-03-04_arup_andy_sedgwick_first_3d_theatre_sketches.pdf,,First 3D theatre sketches,application/pdf,,,,,A4,,,,,,1991-03-04,no,,,,,,,,Humbert Camerlo archive,,,,"Educational use includes non-commercial use of text and images in materials for teaching and research purposes. Digital reproduction permissions granted by the Humbert Camerlo Estate and Full Moon Theatre Project. For other uses beyond free use, please contact theatredelapleinelune@gmail.com.",https://rightsstatements.org/vocab/InC-EDU/1.0/,yes,Fax,en,
fmt000013,fmt000013_1991-04-19_arup_andy_sedgwick_student_questions_perception_levels.pdf,,Student questions on perception levels,application/pdf,,,,,A4,,,,,,1991-04-19,no,,,,,,,,Humbert Camerlo archive,,,,"Educational use includes non-commercial use of text and images in materials for teaching and research purposes. Digital reproduction permissions granted by the Humbert Camerlo Estate and Full Moon Theatre Project. For other uses beyond free use, please contact theatredelapleinelune@gmail.com.",https://rightsstatements.org/vocab/InC-EDU/1.0/,yes,Fax,en,
fmt000014,fmt000014_1991-04-23_arup_alexandre_cot_trip_organization.pdf,,Trip organization,application/pdf,,,,,A4,,,,,,1991-04-23,no,,,,,,,,Humbert Camerlo archive,,,,"Educational use includes non-commercial use of text and images in materials for teaching and research purposes. Digital reproduction permissions granted by the Humbert Camerlo Estate and Full Moon Theatre Project. For other uses beyond free use, please contact theatredelapleinelune@gmail.com.",https://rightsstatements.org/vocab/InC-EDU/1.0/,yes,Fax,en,
fmt000015,fmt000015_1991-04-24_arup_andy_sedgwick_mirror_design.pdf,,Mirror design,application/pdf,,,,,A4,,,,,,1991-04-24,no,,,,,,,,Humbert Camerlo archive,,,,"Educational use includes non-commercial use of text and images in materials for teaching and research purposes. Digital reproduction permissions granted by the Humbert Camerlo Estate and Full Moon Theatre Project. For other uses beyond free use, please contact theatredelapleinelune@gmail.com.",https://rightsstatements.org/vocab/InC-EDU/1.0/,yes,Fax,en,
fmt000016,fmt000016_1991-04-24_arup_andy_sedgwick_timber_quantities.pdf,,Timber quantities,application/pdf,,,,,A4,,,,,,1991-04-24,no,,,,,,,,Humbert Camerlo archive,,,,"Educational use includes non-commercial use of text and images in materials for teaching and research purposes. Digital reproduction permissions granted by the Humbert Camerlo Estate and Full Moon Theatre Project. For other uses beyond free use, please contact theatredelapleinelune@gmail.com.",https://rightsstatements.org/vocab/InC-EDU/1.0/,yes,Fax,en,
fmt000017,fmt000017_1991-04-25_arup_andy_sedgwick_mirror_drawings.pdf,,Mirror drawings,application/pdf,,,,,A4,,,,,,1991-04-25,no,,,,,,,,Humbert Camerlo archive,,,,"Educational use includes non-commercial use of text and images in materials for teaching and research purposes. Digital reproduction permissions granted by the Humbert Camerlo Estate and Full Moon Theatre Project. For other uses beyond free use, please contact theatredelapleinelune@gmail.com.",https://rightsstatements.org/vocab/InC-EDU/1.0/,yes,Fax,en,
fmt000018,fmt000018_1991-04-25_arup_lorraine_lin_andy_sedgwick_edge_beams.pdf,,Edge beans,application/pdf,,,,,A4,,,,,,1991-04-25,no,,,,,,,,Humbert Camerlo archive,,,,"Educational use includes non-commercial use of text and images in materials for teaching and research purposes. Digital reproduction permissions granted by the Humbert Camerlo Estate and Full Moon Theatre Project. For other uses beyond free use, please contact theatredelapleinelune@gmail.com.",https://rightsstatements.org/vocab/InC-EDU/1.0/,yes,Fax,en,
fmt000019,fmt000019_1991-04-25_arup_andy_sedgwick_redirecting_mirror_tests.pdf,,Redirecting mirror tests,application/pdf,,,,,A4,,,,,,1991-04-25,no,,,,,,,,Humbert Camerlo archive,,,,"Educational use includes non-commercial use of text and images in materials for teaching and research purposes. Digital reproduction permissions granted by the Humbert Camerlo Estate and Full Moon Theatre Project. For other uses beyond free use, please contact theatredelapleinelune@gmail.com.",https://rightsstatements.org/vocab/InC-EDU/1.0/,yes,Fax,en,
fmt000020,fmt000020_1991-04-25_arup_lorraine_lin_andy_sedgwick_alternative_plywood_mirrors.pdf,,Alternative plywood mirrors,application/pdf,,,,,A4,,,,,,1991-04-25,no,,,,,,,,Humbert Camerlo archive,,,,"Educational use includes non-commercial use of text and images in materials for teaching and research purposes. Digital reproduction permissions granted by the Humbert Camerlo Estate and Full Moon Theatre Project. For other uses beyond free use, please contact theatredelapleinelune@gmail.com.",https://rightsstatements.org/vocab/InC-EDU/1.0/,yes,Fax,en,
fmt000021,fmt000021_1991-04-26_arup_lorraine_lin_frame_sketches.pdf,,Frame sketches,application/pdf,,,,,A4,,,,,,1991-04-26,no,,,,,,,,Humbert Camerlo archive,,,,"Educational use includes non-commercial use of text and images in materials for teaching and research purposes. Digital reproduction permissions granted by the Humbert Camerlo Estate and Full Moon Theatre Project. For other uses beyond free use, please contact theatredelapleinelune@gmail.com.",https://rightsstatements.org/vocab/InC-EDU/1.0/,yes,Fax,en,
fmt000022,fmt000022_1991-04-26_arup_andy_sedgwick_lorraine_lin_plywood_shell_cutting_pattern.pdf,,Plywood shell cutting pattern,application/pdf,,,,,A4,,,,,,1991-04-26,no,,,,,,,,Humbert Camerlo archive,,,,"Educational use includes non-commercial use of text and images in materials for teaching and research purposes. Digital reproduction permissions granted by the Humbert Camerlo Estate and Full Moon Theatre Project. For other uses beyond free use, please contact theatredelapleinelune@gmail.com.",https://rightsstatements.org/vocab/InC-EDU/1.0/,yes,Fax,en,
fmt000023,fmt000023_1991-04-29_arup_lorraine_lin_beam_attachments.pdf,,Beam attachments,application/pdf,,,,,A4,,,,,,1991-04-29,no,,,,,,,,Humbert Camerlo archive,,,,"Educational use includes non-commercial use of text and images in materials for teaching and research purposes. Digital reproduction permissions granted by the Humbert Camerlo Estate and Full Moon Theatre Project. For other uses beyond free use, please contact theatredelapleinelune@gmail.com.",https://rightsstatements.org/vocab/InC-EDU/1.0/,yes,Fax,en,
fmt000024,fmt000024_1991-05-09_arup_andy_sedgwick_mirror_design_issues.pdf,,Mirror design issues,application/pdf,,,,,A4,,,,,,1991-05-09,no,,,,,,,,Humbert Camerlo archive,,,,"Educational use includes non-commercial use of text and images in materials for teaching and research purposes. Digital reproduction permissions granted by the Humbert Camerlo Estate and Full Moon Theatre Project. For other uses beyond free use, please contact theatredelapleinelune@gmail.com.",https://rightsstatements.org/vocab/InC-EDU/1.0/,yes,Fax,en,
fmt000025,fmt000025_1991-05-14_arup_andy_sedgwick_message.pdf,,Message to Humbert,application/pdf,,,,,A4,,,,,,1991-05-14,no,,,,,,,,Humbert Camerlo archive,,,,"Educational use includes non-commercial use of text and images in materials for teaching and research purposes. Digital reproduction permissions granted by the Humbert Camerlo Estate and Full Moon Theatre Project. For other uses beyond free use, please contact theatredelapleinelune@gmail.com.",https://rightsstatements.org/vocab/InC-EDU/1.0/,yes,Fax,en,
fmt000026,fmt000026_1991-05-16_arup_andy_sedgwick_lorraine_lin_uranie_tycho_design_construction.pdf,,Uranie and Tycho collectors design and construction,application/pdf,,,,,A4,,,,,,1991-05-16,no,,,,,,,,Humbert Camerlo archive,,,,"Educational use includes non-commercial use of text and images in materials for teaching and research purposes. Digital reproduction permissions granted by the Humbert Camerlo Estate and Full Moon Theatre Project. For other uses beyond free use, please contact theatredelapleinelune@gmail.com.",https://rightsstatements.org/vocab/InC-EDU/1.0/,yes,Fax,en,
fmt000027,fmt000027_1991-05-16_arup_sedgwick_lorraine_lin_tycho_uranie_cutting_patterns.pdf,,Tycho and Uranie cutting patterns,application/pdf,,,,,A4,,,,,,1991-05-16,no,,,,,,,,Humbert Camerlo archive,,,,"Educational use includes non-commercial use of text and images in materials for teaching and research purposes. Digital reproduction permissions granted by the Humbert Camerlo Estate and Full Moon Theatre Project. For other uses beyond free use, please contact theatredelapleinelune@gmail.com.",https://rightsstatements.org/vocab/InC-EDU/1.0/,yes,Fax,en,
fmt000028,fmt000028_1991-05-17_arup_andy_sedgwick_lorraine_lin_kepler_design.pdf,,Kepler design,application/pdf,,,,,A4,,,,,,1991-05-17,no,,,,,,,,Humbert Camerlo archive,,,,"Educational use includes non-commercial use of text and images in materials for teaching and research purposes. Digital reproduction permissions granted by the Humbert Camerlo Estate and Full Moon Theatre Project. For other uses beyond free use, please contact theatredelapleinelune@gmail.com.",https://rightsstatements.org/vocab/InC-EDU/1.0/,yes,Fax,en,
fmt000029,fmt000029_1991-05-22_rfr_alexandre_cot_weber_metaux.pdf,,Weber Metaux,application/pdf,,,,,A4,,,,,,1991-05-22,no,,,,,,,,Humbert Camerlo archive,,,,"Educational use includes non-commercial use of text and images in materials for teaching and research purposes. Digital reproduction permissions granted by the Humbert Camerlo Estate and Full Moon Theatre Project. For other uses beyond free use, please contact theatredelapleinelune@gmail.com.",https://rightsstatements.org/vocab/InC-EDU/1.0/,yes,Fax,en,
fmt000030,fmt000030_1991-05-22_arup_andy_sedgwick_lorraine_lin_tycho_uranie_radial_beams.pdf,,Tycho and Uranie radial beams,application/pdf,,,,,A4,,,,,,1991-05-22,no,,,,,,,,Humbert Camerlo archive,,,,"Educational use includes non-commercial use of text and images in materials for teaching and research purposes. Digital reproduction permissions granted by the Humbert Camerlo Estate and Full Moon Theatre Project. For other uses beyond free use, please contact theatredelapleinelune@gmail.com.",https://rightsstatements.org/vocab/InC-EDU/1.0/,yes,Fax,en,
fmt000031,fmt000031_1991-05-23_rfr_alexandre_cot_mirror_problem.pdf,,Mirror problem,application/pdf,,,,,A4,,,,,,1991-05-23,no,,,,,,,,Humbert Camerlo archive,,,,"Educational use includes non-commercial use of text and images in materials for teaching and research purposes. Digital reproduction permissions granted by the Humbert Camerlo Estate and Full Moon Theatre Project. For other uses beyond free use, please contact theatredelapleinelune@gmail.com.",https://rightsstatements.org/vocab/InC-EDU/1.0/,yes,Fax,en,
fmt000032,fmt000032_1991-05-24_arup_andy_sedgwick_copernic_design.pdf,,Copernic design,application/pdf,,,,,A4,,,,,,1991-05-24,no,,,,,,,,Humbert Camerlo archive,,,,"Educational use includes non-commercial use of text and images in materials for teaching and research purposes. Digital reproduction permissions granted by the Humbert Camerlo Estate and Full Moon Theatre Project. For other uses beyond free use, please contact theatredelapleinelune@gmail.com.",https://rightsstatements.org/vocab/InC-EDU/1.0/,yes,Fax,en,
fmt000033,fmt000033_1991-05-24_arup_andy_sedgwick_flights.pdf,,Andy Sedgwick flights,application/pdf,,,,,A4,,,,,,1991-05-24,no,,,,,,,,Humbert Camerlo archive,,,,"Educational use includes non-commercial use of text and images in materials for teaching and research purposes. Digital reproduction permissions granted by the Humbert Camerlo Estate and Full Moon Theatre Project. For other uses beyond free use, please contact theatredelapleinelune@gmail.com.",https://rightsstatements.org/vocab/InC-EDU/1.0/,yes,Fax,en,
fmt000034,fmt000034_1991-05-24_arup_andy_sedgwick_kepler_supports.pdf,,Kepler supports,application/pdf,,,,,A4,,,,,,1991-05-24,no,,,,,,,,Humbert Camerlo archive,,,,"Educational use includes non-commercial use of text and images in materials for teaching and research purposes. Digital reproduction permissions granted by the Humbert Camerlo Estate and Full Moon Theatre Project. For other uses beyond free use, please contact theatredelapleinelune@gmail.com.",https://rightsstatements.org/vocab/InC-EDU/1.0/,yes,Fax,en,
fmt000035,fmt000035_1991-06-03_arup_lorraine_lin_theatre_computer_drawing.pdf,,Theatre computer drawing,application/pdf,,,,,A4,,,,,,1991-06-03,no,,,,,,,,Humbert Camerlo archive,,,,"Educational use includes non-commercial use of text and images in materials for teaching and research purposes. Digital reproduction permissions granted by the Humbert Camerlo Estate and Full Moon Theatre Project. For other uses beyond free use, please contact theatredelapleinelune@gmail.com.",https://rightsstatements.org/vocab/InC-EDU/1.0/,yes,Fax,en,
fmt000036,fmt000036_1991-06-04_arup_lorraine_lin_kepler_cutting_patterns.pdf,,Kepler cutting patterns,application/pdf,,,,,A4,,,,,,1991-06-04,no,,,,,,,,Humbert Camerlo archive,,,,"Educational use includes non-commercial use of text and images in materials for teaching and research purposes. Digital reproduction permissions granted by the Humbert Camerlo Estate and Full Moon Theatre Project. For other uses beyond free use, please contact theatredelapleinelune@gmail.com.",https://rightsstatements.org/vocab/InC-EDU/1.0/,yes,Fax,en,
fmt000037,fmt000037_1991-06-05_arup_lorraine_lin_radial_beams_data.pdf,,Radial beams data,application/pdf,,,,,A4,,,,,,1991-06-05,no,,,,,,,,Humbert Camerlo archive,,,,"Educational use includes non-commercial use of text and images in materials for teaching and research purposes. Digital reproduction permissions granted by the Humbert Camerlo Estate and Full Moon Theatre Project. For other uses beyond free use, please contact theatredelapleinelune@gmail.com.",https://rightsstatements.org/vocab/InC-EDU/1.0/,yes,Fax,en,
fmt000038,fmt000038_1991-06-06_pole_sud_mirror_structure.pdf,,Pole Sud mirror structure,application/pdf,,,,,A4,,,,,,1991-06-06,no,,,,,,,,Humbert Camerlo archive,,,,"Educational use includes non-commercial use of text and images in materials for teaching and research purposes. Digital reproduction permissions granted by the Humbert Camerlo Estate and Full Moon Theatre Project. For other uses beyond free use, please contact theatredelapleinelune@gmail.com.",https://rightsstatements.org/vocab/InC-EDU/1.0/,yes,Fax,en,
fmt000039,fmt000039_1991-10-06_rfr_alexandre_cot_copernic.pdf,,Copernic moonlight collector,application/pdf,,,,,A4,,,,,,1991-10-06,no,,,,,,,,Humbert Camerlo archive,,,,"Educational use includes non-commercial use of text and images in materials for teaching and research purposes. Digital reproduction permissions granted by the Humbert Camerlo Estate and Full Moon Theatre Project. For other uses beyond free use, please contact theatredelapleinelune@gmail.com.",https://rightsstatements.org/vocab/InC-EDU/1.0/,yes,Fax,en,
fmt000040,fmt000040_1991-06-12_arup_lorraine_lin_archimedes_theatre_measurements.pdf,,Archimedes theatre measurements,application/pdf,,,,,A4,,,,,,1991-06-12,no,,,,,,,,Humbert Camerlo archive,,,,"Educational use includes non-commercial use of text and images in materials for teaching and research purposes. Digital reproduction permissions granted by the Humbert Camerlo Estate and Full Moon Theatre Project. For other uses beyond free use, please contact theatredelapleinelune@gmail.com.",https://rightsstatements.org/vocab/InC-EDU/1.0/,yes,Fax,en,
fmt000041,fmt000041_1991-06-17_arup_lorraine_lin_kepler_alpha_cutting_patterns.pdf,,Kepler Alpha cutting patterns,application/pdf,,,,,A4,,,,,,1991-06-17,no,,,,,,,,Humbert Camerlo archive,,,,"Educational use includes non-commercial use of text and images in materials for teaching and research purposes. Digital reproduction permissions granted by the Humbert Camerlo Estate and Full Moon Theatre Project. For other uses beyond free use, please contact theatredelapleinelune@gmail.com.",https://rightsstatements.org/vocab/InC-EDU/1.0/,yes,Fax,en,
fmt000042,fmt000042_1991_arup_tpl_plan.pdf,,TPL plan,application/pdf,,,,,A4,,,,,,1991,yes,,,,,,,,Humbert Camerlo archive,,,,"Educational use includes non-commercial use of text and images in materials for teaching and research purposes. Digital reproduction permissions granted by the Humbert Camerlo Estate and Full Moon Theatre Project. For other uses beyond free use, please contact theatredelapleinelune@gmail.com.",https://rightsstatements.org/vocab/InC-EDU/1.0/,yes,Fax,en,
fmt000043,fmt000043_1991-12-02_arup_andy_sedgwick_chemically_treated_glass.pdf,,Chemically Treated glass,application/pdf,,,,,A4,,,,,,1991-12-02,no,,,,,,,,Humbert Camerlo archive,,,,"Educational use includes non-commercial use of text and images in materials for teaching and research purposes. Digital reproduction permissions granted by the Humbert Camerlo Estate and Full Moon Theatre Project. For other uses beyond free use, please contact theatredelapleinelune@gmail.com.",https://rightsstatements.org/vocab/InC-EDU/1.0/,yes,Fax,en,
fmt000044,fmt000044_1992-06-03_arup_barbara_campbell_written_text_request.pdf,,Written text request,application/pdf,,,,,A4,,,,,,1992-06-03,no,,,,,,,,Humbert Camerlo archive,,,,"Educational use includes non-commercial use of text and images in materials for teaching and research purposes. Digital reproduction permissions granted by the Humbert Camerlo Estate and Full Moon Theatre Project. For other uses beyond free use, please contact theatredelapleinelune@gmail.com.",https://rightsstatements.org/vocab/InC-EDU/1.0/,yes,Fax,en,
fmt000045,fmt000045_1992-06-12_arup_conal_loughrey_vega_and_deneb_mirrors.pdf,,Vega and Deneb mirrors,application/pdf,,,,,A4,,,,,,1992-06-12,no,,,,,,,,Humbert Camerlo archive,,,,"Educational use includes non-commercial use of text and images in materials for teaching and research purposes. Digital reproduction permissions granted by the Humbert Camerlo Estate and Full Moon Theatre Project. For other uses beyond free use, please contact theatredelapleinelune@gmail.com.",https://rightsstatements.org/vocab/InC-EDU/1.0/,yes,Fax,en,
fmt000046,fmt000046_1992-06-15_arup_andy_sedgwick_missing_coordinates.pdf,,Missing coordinates,application/pdf,,,,,A4,,,,,,1992-06-15,no,,,,,,,,Humbert Camerlo archive,,,,"Educational use includes non-commercial use of text and images in materials for teaching and research purposes. Digital reproduction permissions granted by the Humbert Camerlo Estate and Full Moon Theatre Project. For other uses beyond free use, please contact theatredelapleinelune@gmail.com.",https://rightsstatements.org/vocab/InC-EDU/1.0/,yes,Fax,en,
fmt000047,fmt000047_1989-06-09_humbert_camerlo_to_peter_rice_dossier_ateliers_de_gourgoubes.pdf,,Dossier Ateliers de Gourgoubès,application/pdf,,,,,A4,,,,,,1989-06-09,no,,,,,,,,Humbert Camerlo archive,,,,"Educational use includes non-commercial use of text and images in materials for teaching and research purposes. Digital reproduction permissions granted by the Humbert Camerlo Estate and Full Moon Theatre Project. For other uses beyond free use, please contact theatredelapleinelune@gmail.com.",https://rightsstatements.org/vocab/InC-EDU/1.0/,yes,Fax,,
fmt000048,fmt000048_1991-01-07_humbert_camerlo_to_peter_rice_moon_collectors.pdf,,Moon collectors,application/pdf,,,,,A4,,,,,,1991-01-07,no,,,,,,,,Humbert Camerlo archive,,,,"Educational use includes non-commercial use of text and images in materials for teaching and research purposes. Digital reproduction permissions granted by the Humbert Camerlo Estate and Full Moon Theatre Project. For other uses beyond free use, please contact theatredelapleinelune@gmail.com.",https://rightsstatements.org/vocab/InC-EDU/1.0/,yes,Fax,,
fmt000049,fmt000049_1991-02-01_humbert_camerlo_to_peter_rice_fmt_programme.pdf,,FMT programme,application/pdf,,,,,A4,,,,,,1991-02-01,no,,,,,,,,Humbert Camerlo archive,,,,"Educational use includes non-commercial use of text and images in materials for teaching and research purposes. Digital reproduction permissions granted by the Humbert Camerlo Estate and Full Moon Theatre Project. For other uses beyond free use, please contact theatredelapleinelune@gmail.com.",https://rightsstatements.org/vocab/InC-EDU/1.0/,yes,Fax,,
fmt000050,fmt000050_1991-02-12_humbert_camerlo_to_andy_sedgwick_tpl_plan.pdf,,TPL plan,application/pdf,,,,,A4,,,,,,1991-02-12,no,,,,,,,,Humbert Camerlo archive,,,,"Educational use includes non-commercial use of text and images in materials for teaching and research purposes. Digital reproduction permissions granted by the Humbert Camerlo Estate and Full Moon Theatre Project. For other uses beyond free use, please contact theatredelapleinelune@gmail.com.",https://rightsstatements.org/vocab/InC-EDU/1.0/,yes,Fax,,
fmt000051,fmt000051_1991_humbert_camerlo_to_peter_rice_student_workshop.pdf,,Student workshop,application/pdf,,,,,A4,,,,,,1991,yes,,,,,,,,Humbert Camerlo archive,,,,"Educational use includes non-commercial use of text and images in materials for teaching and research purposes. Digital reproduction permissions granted by the Humbert Camerlo Estate and Full Moon Theatre Project. For other uses beyond free use, please contact theatredelapleinelune@gmail.com.",https://rightsstatements.org/vocab/InC-EDU/1.0/,yes,Fax,,
fmt000052,fmt000052_1991-01_humbert_camerlo_to_alexandre_cot_penn_university.pdf,,Penn university,application/pdf,,,,,A4,,,,,,1991-01,yes,,,,,,,,Humbert Camerlo archive,,,,"Educational use includes non-commercial use of text and images in materials for teaching and research purposes. Digital reproduction permissions granted by the Humbert Camerlo Estate and Full Moon Theatre Project. For other uses beyond free use, please contact theatredelapleinelune@gmail.com.",https://rightsstatements.org/vocab/InC-EDU/1.0/,yes,Fax,,
fmt000053,fmt000053_1992-01-21_humbert_camerlo_to_peter_rice_julia_wedding.pdf,,Julia's wedding,application/pdf,,,,,A4,,,,,,1992-01-21,no,,,,,,,,Humbert Camerlo archive,,,,"Educational use includes non-commercial use of text and images in materials for teaching and research purposes. Digital reproduction permissions granted by the Humbert Camerlo Estate and Full Moon Theatre Project. For other uses beyond free use, please contact theatredelapleinelune@gmail.com.",https://rightsstatements.org/vocab/InC-EDU/1.0/,yes,Fax,,
fmt000054,fmt000054_1992-03-17_humbert_camerlo_to_peter_rice_scaffolding.pdf,,Scaffolding,application/pdf,,,,,A4,,,,,,1992-03-17,no,,,,,,,,Humbert Camerlo archive,,,,"Educational use includes non-commercial use of text and images in materials for teaching and research purposes. Digital reproduction permissions granted by the Humbert Camerlo Estate and Full Moon Theatre Project. For other uses beyond free use, please contact theatredelapleinelune@gmail.com.",https://rightsstatements.org/vocab/InC-EDU/1.0/,yes,Fax,,
fmt000055,fmt000055_1992-06-04_humbert_camerlo_to_barbara_campbell_text_on_peter_rice.pdf,,Text on Peter Rice,application/pdf,,,,,A4,,,,,,1992-06-04,no,,,,,,,,Humbert Camerlo archive,,,,"Educational use includes non-commercial use of text and images in materials for teaching and research purposes. Digital reproduction permissions granted by the Humbert Camerlo Estate and Full Moon Theatre Project. For other uses beyond free use, please contact theatredelapleinelune@gmail.com.",https://rightsstatements.org/vocab/InC-EDU/1.0/,yes,Fax,,
fmt000056,fmt000056_1992-06-29_humbert_camerlo_to_peter_rice_congratulations_message.pdf,,Congratulations to Peter Rice,application/pdf,,,,,A4,,,,,,1992-06-29,no,,,,,,,,Humbert Camerlo archive,,,,"Educational use includes non-commercial use of text and images in materials for teaching and research purposes. Digital reproduction permissions granted by the Humbert Camerlo Estate and Full Moon Theatre Project. For other uses beyond free use, please contact theatredelapleinelune@gmail.com.",https://rightsstatements.org/vocab/InC-EDU/1.0/,yes,Fax,,
fmt000057,fmt000057_1992_humbert_camerlo_to_mr_casado.pdf,,Message to Mr Casado,application/pdf,,,,,A4,,,,,,1992,yes,,,,,,,,Humbert Camerlo archive,,,,"Educational use includes non-commercial use of text and images in materials for teaching and research purposes. Digital reproduction permissions granted by the Humbert Camerlo Estate and Full Moon Theatre Project. For other uses beyond free use, please contact theatredelapleinelune@gmail.com.",https://rightsstatements.org/vocab/InC-EDU/1.0/,yes,Fax,,
fmt000058,fmt000058_1991-12-17_humbert_camerlo_to_mr_nasi.pdf,,Message to Mr Nasi,application/pdf,,,,,A4,,,,,,1991-12-17,no,,,,,,,,Humbert Camerlo archive,,,,"Educational use includes non-commercial use of text and images in materials for teaching and research purposes. Digital reproduction permissions granted by the Humbert Camerlo Estate and Full Moon Theatre Project. For other uses beyond free use, please contact theatredelapleinelune@gmail.com.",https://rightsstatements.org/vocab/InC-EDU/1.0/,yes,Fax,,
fmt000059,fmt000059_1992-02-20_humbert_camerlo_to_mr_vischi.pdf,,Message to Mr Vischi,application/pdf,,,,,A4,,,,,,1992-02-20,no,,,,,,,,Humbert Camerlo archive,,,,"Educational use includes non-commercial use of text and images in materials for teaching and research purposes. Digital reproduction permissions granted by the Humbert Camerlo Estate and Full Moon Theatre Project. For other uses beyond free use, please contact theatredelapleinelune@gmail.com.",https://rightsstatements.org/vocab/InC-EDU/1.0/,yes,Fax,,
fmt000060,fmt000060_1992-02-20_humbert_camerlo_to_mr_nasi.pdf,,Message to Mr Nasi,application/pdf,,,,,A4,,,,,,1992-02-20,no,,,,,,,,Humbert Camerlo archive,,,,"Educational use includes non-commercial use of text and images in materials for teaching and research purposes. Digital reproduction permissions granted by the Humbert Camerlo Estate and Full Moon Theatre Project. For other uses beyond free use, please contact theatredelapleinelune@gmail.com.",https://rightsstatements.org/vocab/InC-EDU/1.0/,yes,Fax,,
fmt000061,fmt000061_1992_humbert_camerlo_to_mr_fallick.pdf,,Message to Mr Fallick,application/pdf,,,,,A4,,,,,,1992,yes,,,,,,,,Humbert Camerlo archive,,,,"Educational use includes non-commercial use of text and images in materials for teaching and research purposes. Digital reproduction permissions granted by the Humbert Camerlo Estate and Full Moon Theatre Project. For other uses beyond free use, please contact theatredelapleinelune@gmail.com.",https://rightsstatements.org/vocab/InC-EDU/1.0/,yes,Fax,,
fmt000062,fmt000062_1992-04-07_TLP-NP_1.pdf,,Mirrors orientation,application/pdf,,,,,A4,,,,,,1992-04-07,no,,,,,,,,Humbert Camerlo archive,,,,"Educational use includes non-commercial use of text and images in materials for teaching and research purposes. Digital reproduction permissions granted by the Humbert Camerlo Estate and Full Moon Theatre Project. For other uses beyond free use, please contact theatredelapleinelune@gmail.com.",https://rightsstatements.org/vocab/InC-EDU/1.0/,yes,Fax,,
fmt000063,fmt000063_1992-04-08_TLP-NP_3proto_92.pdf,,Prototype calculations,application/pdf,,,,,A4,,,,,,1992-04-08,no,,,,,,,,Humbert Camerlo archive,,,,"Educational use includes non-commercial use of text and images in materials for teaching and research purposes. Digital reproduction permissions granted by the Humbert Camerlo Estate and Full Moon Theatre Project. For other uses beyond free use, please contact theatredelapleinelune@gmail.com.",https://rightsstatements.org/vocab/InC-EDU/1.0/,no,Fax,,
fmt000064,fmt000064_1992-04-09_TLP-NP_2.pdf,,Prototype fabrication,application/pdf,,,,,A4,,,,,,1992-04-09,no,,,,,,,,Humbert Camerlo archive,,,,"Educational use includes non-commercial use of text and images in materials for teaching and research purposes. Digital reproduction permissions granted by the Humbert Camerlo Estate and Full Moon Theatre Project. For other uses beyond free use, please contact theatredelapleinelune@gmail.com.",https://rightsstatements.org/vocab/InC-EDU/1.0/,yes,Fax,,
fmt000065,fmt000065_1992-04-11_TLP-NP_4.pdf,,Parabolic geometry,application/pdf,,,,,A4,,,,,,1992-04-11,no,,,,,,,,Humbert Camerlo archive,,,,"Educational use includes non-commercial use of text and images in materials for teaching and research purposes. Digital reproduction permissions granted by the Humbert Camerlo Estate and Full Moon Theatre Project. For other uses beyond free use, please contact theatredelapleinelune@gmail.com.",https://rightsstatements.org/vocab/InC-EDU/1.0/,yes,Fax,,
fmt000066,fmt000066_1992-04-16_TLP-NP_5.pdf,,Railing detail,application/pdf,,,,,A4,,,,,,1992-04-16,no,,,,,,,,Humbert Camerlo archive,,,,"Educational use includes non-commercial use of text and images in materials for teaching and research purposes. Digital reproduction permissions granted by the Humbert Camerlo Estate and Full Moon Theatre Project. For other uses beyond free use, please contact theatredelapleinelune@gmail.com.",https://rightsstatements.org/vocab/InC-EDU/1.0/,yes,Fax,,
fmt000067,fmt000067_1992-06-01_TLP-NP_22corec_entrepose.pdf,,Scaffolding plan,application/pdf,,,,,A4,,,,,,1992-06-01,no,,,,,,,,Humbert Camerlo archive,,,,"Educational use includes non-commercial use of text and images in materials for teaching and research purposes. Digital reproduction permissions granted by the Humbert Camerlo Estate and Full Moon Theatre Project. For other uses beyond free use, please contact theatredelapleinelune@gmail.com.",https://rightsstatements.org/vocab/InC-EDU/1.0/,no,Fax,,
fmt000068,fmt000068_1992-04-22_TLP-NP_6.pdf,,Prototype photos,application/pdf,,,,,A4,,,,,,1992-04-22,no,,,,,,,,Humbert Camerlo archive,,,,"Educational use includes non-commercial use of text and images in materials for teaching and research purposes. Digital reproduction permissions granted by the Humbert Camerlo Estate and Full Moon Theatre Project. For other uses beyond free use, please contact theatredelapleinelune@gmail.com.",https://rightsstatements.org/vocab/InC-EDU/1.0/,no,Fax,,
fmt000069,fmt000069_1992-04-22_TLP-NP_7.pdf,,Prototype photos,application/pdf,,,,,A4,,,,,,1992-04-22,no,,,,,,,,Humbert Camerlo archive,,,,"Educational use includes non-commercial use of text and images in materials for teaching and research purposes. Digital reproduction permissions granted by the Humbert Camerlo Estate and Full Moon Theatre Project. For other uses beyond free use, please contact theatredelapleinelune@gmail.com.",https://rightsstatements.org/vocab/InC-EDU/1.0/,no,Fax,,
fmt000070,fmt000070_1992-04-23_TPL-NP_Nasi.pdf,,Message to Mr Nasi,application/pdf,,,,,A4,,,,,,1992-04-23,no,,,,,,,,Humbert Camerlo archive,,,,"Educational use includes non-commercial use of text and images in materials for teaching and research purposes. Digital reproduction permissions granted by the Humbert Camerlo Estate and Full Moon Theatre Project. For other uses beyond free use, please contact theatredelapleinelune@gmail.com.",https://rightsstatements.org/vocab/InC-EDU/1.0/,yes,Fax,,
fmt000071,fmt000071_1992-04-23_TLP-NP_8.pdf,,Portal drawings,application/pdf,,,,,A4,,,,,,1992-04-23,no,,,,,,,,Humbert Camerlo archive,,,,"Educational use includes non-commercial use of text and images in materials for teaching and research purposes. Digital reproduction permissions granted by the Humbert Camerlo Estate and Full Moon Theatre Project. For other uses beyond free use, please contact theatredelapleinelune@gmail.com.",https://rightsstatements.org/vocab/InC-EDU/1.0/,yes,Fax,,
fmt000072,fmt000072_1992-04-24_rfr_nicolas_prouve.pdf,,Portal drawings,application/pdf,,,,,A4,,,,,,1992-04-24,no,,,,,,,,Humbert Camerlo archive,,,,"Educational use includes non-commercial use of text and images in materials for teaching and research purposes. Digital reproduction permissions granted by the Humbert Camerlo Estate and Full Moon Theatre Project. For other uses beyond free use, please contact theatredelapleinelune@gmail.com.",https://rightsstatements.org/vocab/InC-EDU/1.0/,yes,Fax,,
fmt000073,fmt000073_1992-04-24_TLP-NP_10.pdf,,Message to Mr Casado,application/pdf,,,,,A4,,,,,,1992-04-24,no,,,,,,,,Humbert Camerlo archive,,,,"Educational use includes non-commercial use of text and images in materials for teaching and research purposes. Digital reproduction permissions granted by the Humbert Camerlo Estate and Full Moon Theatre Project. For other uses beyond free use, please contact theatredelapleinelune@gmail.com.",https://rightsstatements.org/vocab/InC-EDU/1.0/,yes,Fax,,
fmt000074,fmt000074_1992-04-27_TLP-NP_11.pdf,,Portal sketches,application/pdf,,,,,A4,,,,,,1992-04-27,no,,,,,,,,Humbert Camerlo archive,,,,"Educational use includes non-commercial use of text and images in materials for teaching and research purposes. Digital reproduction permissions granted by the Humbert Camerlo Estate and Full Moon Theatre Project. For other uses beyond free use, please contact theatredelapleinelune@gmail.com.",https://rightsstatements.org/vocab/InC-EDU/1.0/,yes,Fax,,
fmt000075,fmt000075_1992-04-28_rfr_nicolas_prouve.pdf,,Collectors positions,application/pdf,,,,,A4,,,,,,1992-04-28,no,,,,,,,,Humbert Camerlo archive,,,,"Educational use includes non-commercial use of text and images in materials for teaching and research purposes. Digital reproduction permissions granted by the Humbert Camerlo Estate and Full Moon Theatre Project. For other uses beyond free use, please contact theatredelapleinelune@gmail.com.",https://rightsstatements.org/vocab/InC-EDU/1.0/,yes,Fax,,
fmt000076,fmt000076_1992-04-29_rfr_nicolas_prouve.pdf,,Connection detail,application/pdf,,,,,A4,,,,,,1992-04-29,no,,,,,,,,Humbert Camerlo archive,,,,"Educational use includes non-commercial use of text and images in materials for teaching and research purposes. Digital reproduction permissions granted by the Humbert Camerlo Estate and Full Moon Theatre Project. For other uses beyond free use, please contact theatredelapleinelune@gmail.com.",https://rightsstatements.org/vocab/InC-EDU/1.0/,yes,Fax,,
fmt000077,fmt000077_1992-04-29_TLP-NP_12.pdf,,Portal railings,application/pdf,,,,,A4,,,,,,1992-04-29,no,,,,,,,,Humbert Camerlo archive,,,,"Educational use includes non-commercial use of text and images in materials for teaching and research purposes. Digital reproduction permissions granted by the Humbert Camerlo Estate and Full Moon Theatre Project. For other uses beyond free use, please contact theatredelapleinelune@gmail.com.",https://rightsstatements.org/vocab/InC-EDU/1.0/,no,Fax,,
fmt000078,fmt000078_1992-04-29_TLP-NP_13.pdf,,Railing detail,application/pdf,,,,,A4,,,,,,1992-04-29,no,,,,,,,,Humbert Camerlo archive,,,,"Educational use includes non-commercial use of text and images in materials for teaching and research purposes. Digital reproduction permissions granted by the Humbert Camerlo Estate and Full Moon Theatre Project. For other uses beyond free use, please contact theatredelapleinelune@gmail.com.",https://rightsstatements.org/vocab/InC-EDU/1.0/,no,Fax,,
fmt000079,fmt000079_1992-04-29_TLP-NP_14.pdf,,Collectors positions sketch,application/pdf,,,,,A4,,,,,,1992-04-29,no,,,,,,,,Humbert Camerlo archive,,,,"Educational use includes non-commercial use of text and images in materials for teaching and research purposes. Digital reproduction permissions granted by the Humbert Camerlo Estate and Full Moon Theatre Project. For other uses beyond free use, please contact theatredelapleinelune@gmail.com.",https://rightsstatements.org/vocab/InC-EDU/1.0/,no,Fax,,
fmt000080,fmt000080_1992-05-07_rfr_barbara_campbell.pdf,,,application/pdf,,,,,A4,,,,,,1992-05-07,no,,,,,,,,Humbert Camerlo archive,,,,"Educational use includes non-commercial use of text and images in materials for teaching and research purposes. Digital reproduction permissions granted by the Humbert Camerlo Estate and Full Moon Theatre Project. For other uses beyond free use, please contact theatredelapleinelune@gmail.com.",https://rightsstatements.org/vocab/InC-EDU/1.0/,yes,Fax,,
fmt000081,fmt000081_1992-05-07_TLP-NP_1_ rails.pdf,,,application/pdf,,,,,A4,,,,,,1992-05-07,no,,,,,,,,Humbert Camerlo archive,,,,"Educational use includes non-commercial use of text and images in materials for teaching and research purposes. Digital reproduction permissions granted by the Humbert Camerlo Estate and Full Moon Theatre Project. For other uses beyond free use, please contact theatredelapleinelune@gmail.com.",https://rightsstatements.org/vocab/InC-EDU/1.0/,no,Fax,,
fmt000082,fmt000082_1992-05-08_TLP-NP_16_poisson.pdf,,,application/pdf,,,,,A4,,,,,,1992-05-08,no,,,,,,,,Humbert Camerlo archive,,,,"Educational use includes non-commercial use of text and images in materials for teaching and research purposes. Digital reproduction permissions granted by the Humbert Camerlo Estate and Full Moon Theatre Project. For other uses beyond free use, please contact theatredelapleinelune@gmail.com.",https://rightsstatements.org/vocab/InC-EDU/1.0/,no,Fax,,
fmt000083,fmt000083_1992-05-08_TLP-NP_16_rayons.pdf,,,application/pdf,,,,,A4,,,,,,1992-05-08,no,,,,,,,,Humbert Camerlo archive,,,,"Educational use includes non-commercial use of text and images in materials for teaching and research purposes. Digital reproduction permissions granted by the Humbert Camerlo Estate and Full Moon Theatre Project. For other uses beyond free use, please contact theatredelapleinelune@gmail.com.",https://rightsstatements.org/vocab/InC-EDU/1.0/,yes,Fax,,
fmt000084,fmt000084_1992-05-11_TLP-NP_19_rails.pdf,,,application/pdf,,,,,A4,,,,,,1992-05-11,no,,,,,,,,Humbert Camerlo archive,,,,"Educational use includes non-commercial use of text and images in materials for teaching and research purposes. Digital reproduction permissions granted by the Humbert Camerlo Estate and Full Moon Theatre Project. For other uses beyond free use, please contact theatredelapleinelune@gmail.com.",https://rightsstatements.org/vocab/InC-EDU/1.0/,yes,Fax,,
fmt000085,fmt000085_1992-05-25_TLP-NP_20_tension_cadre_bois.pdf,,,application/pdf,,,,,A4,,,,,,1992-05-25,no,,,,,,,,Humbert Camerlo archive,,,,"Educational use includes non-commercial use of text and images in materials for teaching and research purposes. Digital reproduction permissions granted by the Humbert Camerlo Estate and Full Moon Theatre Project. For other uses beyond free use, please contact theatredelapleinelune@gmail.com.",https://rightsstatements.org/vocab/InC-EDU/1.0/,yes,Fax,,
fmt000086,fmt000086_1992-06-02_TLP-NP_25_echafaudages.pdf,,,application/pdf,,,,,A4,,,,,,1992-06-02,no,,,,,,,,Humbert Camerlo archive,,,,"Educational use includes non-commercial use of text and images in materials for teaching and research purposes. Digital reproduction permissions granted by the Humbert Camerlo Estate and Full Moon Theatre Project. For other uses beyond free use, please contact theatredelapleinelune@gmail.com.",https://rightsstatements.org/vocab/InC-EDU/1.0/,yes,Fax,,
fmt000087,fmt000087_1992-06-04_TLP-NP_24.pdf,,,application/pdf,,,,,A4,,,,,,1992-06-04,no,,,,,,,,Humbert Camerlo archive,,,,"Educational use includes non-commercial use of text and images in materials for teaching and research purposes. Digital reproduction permissions granted by the Humbert Camerlo Estate and Full Moon Theatre Project. For other uses beyond free use, please contact theatredelapleinelune@gmail.com.",https://rightsstatements.org/vocab/InC-EDU/1.0/,yes,Fax,,
fmt000088,fmt000088_1992-06-02_TLP-NP_21_rails_post.pdf,,,application/pdf,,,,,A4,,,,,,1992-06-02,no,,,,,,,,Humbert Camerlo archive,,,,"Educational use includes non-commercial use of text and images in materials for teaching and research purposes. Digital reproduction permissions granted by the Humbert Camerlo Estate and Full Moon Theatre Project. For other uses beyond free use, please contact theatredelapleinelune@gmail.com.",https://rightsstatements.org/vocab/InC-EDU/1.0/,yes,Fax,,
fmt000089,fmt000089_1992-06-02_TLP-NP_23poisson rail.pdf,,,application/pdf,,,,,A4,,,,,,1992-06-02,no,,,,,,,,Humbert Camerlo archive,,,,"Educational use includes non-commercial use of text and images in materials for teaching and research purposes. Digital reproduction permissions granted by the Humbert Camerlo Estate and Full Moon Theatre Project. For other uses beyond free use, please contact theatredelapleinelune@gmail.com.",https://rightsstatements.org/vocab/InC-EDU/1.0/,no,Fax,,
fmt000090,fmt000090_1992-07-21_TLP-NP_26.pdf,,,application/pdf,,,,,A4,,,,,,1992-07-21,no,,,,,,,,Humbert Camerlo archive,,,,"Educational use includes non-commercial use of text and images in materials for teaching and research purposes. Digital reproduction permissions granted by the Humbert Camerlo Estate and Full Moon Theatre Project. For other uses beyond free use, please contact theatredelapleinelune@gmail.com.",https://rightsstatements.org/vocab/InC-EDU/1.0/,no,Fax,,
fmt000091,fmt000091_1992-07-26_TLP-NP_28_viseur.pdf,,,application/pdf,,,,,A4,,,,,,1992-07-26,no,,,,,,,,Humbert Camerlo archive,,,,"Educational use includes non-commercial use of text and images in materials for teaching and research purposes. Digital reproduction permissions granted by the Humbert Camerlo Estate and Full Moon Theatre Project. For other uses beyond free use, please contact theatredelapleinelune@gmail.com.",https://rightsstatements.org/vocab/InC-EDU/1.0/,no,Fax,,
fmt000092,fmt000092_1992-07-26_TLP-NP_29_viseur.pdf,,,application/pdf,,,,,A4,,,,,,1992-07-26,no,,,,,,,,Humbert Camerlo archive,,,,"Educational use includes non-commercial use of text and images in materials for teaching and research purposes. Digital reproduction permissions granted by the Humbert Camerlo Estate and Full Moon Theatre Project. For other uses beyond free use, please contact theatredelapleinelune@gmail.com.",https://rightsstatements.org/vocab/InC-EDU/1.0/,no,Fax,,
fmt000093,fmt000093_1992-08-27_mills.pdf,,,application/pdf,,,,,A4,,,,,,1992-08-27,no,,,,,,,,Humbert Camerlo archive,,,,"Educational use includes non-commercial use of text and images in materials for teaching and research purposes. Digital reproduction permissions granted by the Humbert Camerlo Estate and Full Moon Theatre Project. For other uses beyond free use, please contact theatredelapleinelune@gmail.com.",https://rightsstatements.org/vocab/InC-EDU/1.0/,yes,Fax,,
fmt000094,fmt000094_1992-10-14_TLP-NP_27_proj_regie_fix.pdf,,,application/pdf,,,,,A4,,,,,,1992-10-14,no,,,,,,,,Humbert Camerlo archive,,,,"Educational use includes non-commercial use of text and images in materials for teaching and research purposes. Digital reproduction permissions granted by the Humbert Camerlo Estate and Full Moon Theatre Project. For other uses beyond free use, please contact theatredelapleinelune@gmail.com.",https://rightsstatements.org/vocab/InC-EDU/1.0/,yes,Fax,,
fmt000095,fmt000095_1992-12-12_TLP-NP_30_maquette_93.pdf,,,application/pdf,,,,,A4,,,,,,1992-12-12,no,,,,,,,,Humbert Camerlo archive,,,,"Educational use includes non-commercial use of text and images in materials for teaching and research purposes. Digital reproduction permissions granted by the Humbert Camerlo Estate and Full Moon Theatre Project. For other uses beyond free use, please contact theatredelapleinelune@gmail.com.",https://rightsstatements.org/vocab/InC-EDU/1.0/,no,Fax,,
fmt000096,fmt000096_1993-12-23_TLP-NP_31.pdf,,,application/pdf,,,,,A4,,,,,,1993-12-23,no,,,,,,,,Humbert Camerlo archive,,,,"Educational use includes non-commercial use of text and images in materials for teaching and research purposes. Digital reproduction permissions granted by the Humbert Camerlo Estate and Full Moon Theatre Project. For other uses beyond free use, please contact theatredelapleinelune@gmail.com.",https://rightsstatements.org/vocab/InC-EDU/1.0/,no,Fax,,
fmt000097,fmt000097_1994-01-21_TLP-NP_32.pdf,,,application/pdf,,,,,A4,,,,,,1994-01-21,no,,,,,,,,Humbert Camerlo archive,,,,"Educational use includes non-commercial use of text and images in materials for teaching and research purposes. Digital reproduction permissions granted by the Humbert Camerlo Estate and Full Moon Theatre Project. For other uses beyond free use, please contact theatredelapleinelune@gmail.com.",https://rightsstatements.org/vocab/InC-EDU/1.0/,no,Fax,,
fmt000098,fmt000098_1994-05_TLP-NP_34_archimedes_2.pdf,,,application/pdf,,,,,A4,,,,,,1994-05,yes,,,,,,,,Humbert Camerlo archive,,,,"Educational use includes non-commercial use of text and images in materials for teaching and research purposes. Digital reproduction permissions granted by the Humbert Camerlo Estate and Full Moon Theatre Project. For other uses beyond free use, please contact theatredelapleinelune@gmail.com.",https://rightsstatements.org/vocab/InC-EDU/1.0/,no,Fax,,
fmt000099,fmt000099_1994-05-13_TLP-NP_33_archimedes.pdf,,,application/pdf,,,,,A4,,,,,,1994-05-13,no,,,,,,,,Humbert Camerlo archive,,,,"Educational use includes non-commercial use of text and images in materials for teaching and research purposes. Digital reproduction permissions granted by the Humbert Camerlo Estate and Full Moon Theatre Project. For other uses beyond free use, please contact theatredelapleinelune@gmail.com.",https://rightsstatements.org/vocab/InC-EDU/1.0/,no,Fax,,
fmt000100,fmt000100_1994-05-30_TLP-NP_35_archi_3.pdf,,,application/pdf,,,,,A4,,,,,,1994-05-30,no,,,,,,,,Humbert Camerlo archive,,,,"Educational use includes non-commercial use of text and images in materials for teaching and research purposes. Digital reproduction permissions granted by the Humbert Camerlo Estate and Full Moon Theatre Project. For other uses beyond free use, please contact theatredelapleinelune@gmail.com.",https://rightsstatements.org/vocab/InC-EDU/1.0/,no,Fax,,
fmt000101,fmt000101_1994-11-16_the_sun_foundation.pdf,,,application/pdf,,,,,A4,,,,,,1994-11-16,no,,,,,,,,Humbert Camerlo archive,,,,"Educational use includes non-commercial use of text and images in materials for teaching and research purposes. Digital reproduction permissions granted by the Humbert Camerlo Estate and Full Moon Theatre Project. For other uses beyond free use, please contact theatredelapleinelune@gmail.com.",https://rightsstatements.org/vocab/InC-EDU/1.0/,yes,Fax,,
fmt000102,fmt000102_1997-02-21_rfr_nicolas_prouve_japanese_an_engineer_imagine.pdf,,,application/pdf,,,,,A4,,,,,,1997-02-21,no,,,,,,,,Humbert Camerlo archive,,,,"Educational use includes non-commercial use of text and images in materials for teaching and research purposes. Digital reproduction permissions granted by the Humbert Camerlo Estate and Full Moon Theatre Project. For other uses beyond free use, please contact theatredelapleinelune@gmail.com.",https://rightsstatements.org/vocab/InC-EDU/1.0/,yes,Fax,,
fmt000103,fmt000103_undated_rfr_nicolas_prouve_message.pdf,,,application/pdf,,,,,A4,,,,,,,,,,,,,,,Humbert Camerlo archive,,,,"Educational use includes non-commercial use of text and images in materials for teaching and research purposes. Digital reproduction permissions granted by the Humbert Camerlo Estate and Full Moon Theatre Project. For other uses beyond free use, please contact theatredelapleinelune@gmail.com.",https://rightsstatements.org/vocab/InC-EDU/1.0/,yes,Fax,,
fmt000104,fmt000104_undated_rfr_nicolas_prouve_parabolas_names.pdf,,,application/pdf,,,,,A4,,,,,,,,,,,,,,,Humbert Camerlo archive,,,,"Educational use includes non-commercial use of text and images in materials for teaching and research purposes. Digital reproduction permissions granted by the Humbert Camerlo Estate and Full Moon Theatre Project. For other uses beyond free use, please contact theatredelapleinelune@gmail.com.",https://rightsstatements.org/vocab/InC-EDU/1.0/,yes,Fax,,
fmt000105,fmt000105_1991-03-18_university_of_pennsylvania_peter_rice.pdf,,,application/pdf,,,,,A4,,,,,,1991-03-18,no,,,,,,,,Humbert Camerlo archive,,,,"Educational use includes non-commercial use of text and images in materials for teaching and research purposes. Digital reproduction permissions granted by the Humbert Camerlo Estate and Full Moon Theatre Project. For other uses beyond free use, please contact theatredelapleinelune@gmail.com.",https://rightsstatements.org/vocab/InC-EDU/1.0/,yes,Fax,,
fmt000106,fmt000106_1991_fmt_plan_65x50.jpg,,Gourgoubès theatre drawing,image/jpeg,,,,Pencil drawing of Gourgoubès theatre with the stone layout,65 x 50 cm,,,,,,1991,yes,"pencil drawing, original and printed copies",drawing; theatre,Gourgoubès,43.85466006635444,3.659894728960918,,,Humbert Camerlo archive,,,,"Educational use includes non-commercial use of text and images in materials for teaching and research purposes. Digital reproduction permissions granted by the Humbert Camerlo Estate and Full Moon Theatre Project. For other uses beyond free use, please contact theatredelapleinelune@gmail.com.",https://rightsstatements.org/vocab/InC-EDU/1.0/,yes,Image;StillImage;Drawing,,
fmt000107,fmt000107_1991_fmt_points_plan_49.7x64.5.jpg,,Gourgoubès theatre technical plan,image/jpeg,,,,Technical plan with dimensions of the Gourgoubès theatre,49.7 x 64.5 cm,very damaged,,,,,1991,yes,"pencil drawing, original and printed copies",drawing; theatre,Gourgoubès,43.85466006635444,3.659894728960918,,,Humbert Camerlo archive,,,,"Educational use includes non-commercial use of text and images in materials for teaching and research purposes. Digital reproduction permissions granted by the Humbert Camerlo Estate and Full Moon Theatre Project. For other uses beyond free use, please contact theatredelapleinelune@gmail.com.",https://rightsstatements.org/vocab/InC-EDU/1.0/,yes,Image;StillImage;Drawing,,
fmt000108,fmt000108_1988_mas_sketches_52.5x42.5.pdf,,Mas de Gourgoubès sketches,application/pdf,,,,Plan sketches of Mas de Gourgoubès ,52.5 x 42.5 cm,,,,,,,,,,,,,,,Humbert Camerlo archive,,,,"Educational use includes non-commercial use of text and images in materials for teaching and research purposes. Digital reproduction permissions granted by the Humbert Camerlo Estate and Full Moon Theatre Project. For other uses beyond free use, please contact theatredelapleinelune@gmail.com.",https://rightsstatements.org/vocab/InC-EDU/1.0/,yes,Sketch,,
fmt000109,fmt000109_1988-04_mas_drawings_1_65x50.pdf,,Mas de Gourgoubès drawings,application/pdf,,,,Plan drawings of Mas de Gourgoubès by Michele Goutte or Jean-Albert Deroudille (multiple drawings and ones on tracing paper for different floors and construction details),65 x 50 cm,,,,,,1988-04,yes,"line drawing, original",drawing; plan,Gourgoubès,43.85466006635444,3.659894728960918,,,Humbert Camerlo archive,,,,"Educational use includes non-commercial use of text and images in materials for teaching and research purposes. Digital reproduction permissions granted by the Humbert Camerlo Estate and Full Moon Theatre Project. For other uses beyond free use, please contact theatredelapleinelune@gmail.com.",https://rightsstatements.org/vocab/InC-EDU/1.0/,yes,Image;StillImage,,
fmt000110,fmt000110_1988-04_mas_drawings_2_64.5x49.5.pdf,,Mas de Gourgoubès drawings,application/pdf,,,,Plan drawings of Mas de Gourgoubès by Michele Goutte or Jean-Albert Deroudille (multiple drawings and ones on tracing paper for different floors and construction details),64.5 x 49.5 cm,,,,,,,,,,,,,,,Humbert Camerlo archive,,,,"Educational use includes non-commercial use of text and images in materials for teaching and research purposes. Digital reproduction permissions granted by the Humbert Camerlo Estate and Full Moon Theatre Project. For other uses beyond free use, please contact theatredelapleinelune@gmail.com.",https://rightsstatements.org/vocab/InC-EDU/1.0/,yes,Drawing,,
fmt000111,fmt000111_fmt_logo_32x14.7.jpg,,Moon horizontal painting,image/jpeg,,,,"Acrylic painting of the Full Moon, probably an early example of logo design",32 x 14.7 cm,,,,,,2002,,"acrylic painting, original",,Gourgoubès,43.85466006635444,3.659894728960918,,,Humbert Camerlo archive,,,,"Educational use includes non-commercial use of text and images in materials for teaching and research purposes. Digital reproduction permissions granted by the Humbert Camerlo Estate and Full Moon Theatre Project. For other uses beyond free use, please contact theatredelapleinelune@gmail.com.",https://rightsstatements.org/vocab/InC-EDU/1.0/,yes,Image;StillImage;Painting,,
fmt000112,fmt000112_bernard_mens_drawing_large_fmt_45x28.7.jpg,,Gourgoubès reflector drawing,image/jpeg,,,,Graphite drawing of Gourgoubès theatre and reflectors by Bernard Mens (2002-2006),45 x 28.7 cm,,,,,,2002,,"graphite drawing, original",drawing; theatre; reflectors,Gourgoubès,43.85466006635444,3.659894728960918,,,Humbert Camerlo archive,,,,"Educational use includes non-commercial use of text and images in materials for teaching and research purposes. Digital reproduction permissions granted by the Humbert Camerlo Estate and Full Moon Theatre Project. For other uses beyond free use, please contact theatredelapleinelune@gmail.com.",https://rightsstatements.org/vocab/InC-EDU/1.0/,yes,Image;StillImage;Drawing,,
fmt000113,fmt000113_bernard_mens_painting_large_fmt_85.2x57.jpg,,Gourgoubès reflector painting,image/jpeg,,,,Painting of Gourgoubès theatre and reflectors by Bernard Mens (2002-2006),85.2 x 57 cm,,,,,,2002,,"painting, original",painting; theatre; reflectors,Gourgoubès,43.85466006635444,3.659894728960918,,,Humbert Camerlo archive,,,,"Educational use includes non-commercial use of text and images in materials for teaching and research purposes. Digital reproduction permissions granted by the Humbert Camerlo Estate and Full Moon Theatre Project. For other uses beyond free use, please contact theatredelapleinelune@gmail.com.",https://rightsstatements.org/vocab/InC-EDU/1.0/,yes,Image;StillImage;Painting,,
fmt000114,fmt000114_bernard_mens_painting_approach_to_large_fmt_88.7x63.3.jpg,,Gourgoubès painting,image/jpeg,,,,Acrylic painting of the approach to the Full Moon Theatre under the moonlight by Bernard Mens (2002-2006),88.7 x 63.3 cm,,,,,,2002,yes,"acrylic painting, original",painting; theatre,Gourgoubès,43.85466006635444,3.659894728960918,,,Humbert Camerlo archive,,,,"Educational use includes non-commercial use of text and images in materials for teaching and research purposes. Digital reproduction permissions granted by the Humbert Camerlo Estate and Full Moon Theatre Project. For other uses beyond free use, please contact theatredelapleinelune@gmail.com.",https://rightsstatements.org/vocab/InC-EDU/1.0/,yes,Image;StillImage;Painting,,
fmt000115,fmt000115_1991-08-10_poster_la_nuit_des_etoiles_filantes_40x70.jpg,,La Nuit Des Etoiles Filantes,image/jpeg,,,,"La Nuit Des Etoiles Filantes poster (multiple copies, 2 different sizes)",40 x 70 cm,,,,,,1991-08-10,no,poster copy,poster,Gourgoubès,43.85466006635444,3.659894728960918,,,Humbert Camerlo archive,,,,"Educational use includes non-commercial use of text and images in materials for teaching and research purposes. Digital reproduction permissions granted by the Humbert Camerlo Estate and Full Moon Theatre Project. For other uses beyond free use, please contact theatredelapleinelune@gmail.com.",https://rightsstatements.org/vocab/InC-EDU/1.0/,yes,Image;StillImage,fr,
fmt000116,fmt000116_2010_tpl_poster_30x43.pdf,,Lumière de Lune,application/pdf,,,,Lumiere de Lune theatre TV show poster advertisement (multiple copies),30 x 43 cm,,,,,,2010-07,yes,poster copy,poster,Gourgoubès,43.85466006635444,3.659894728960918,,,Humbert Camerlo archive,,,,"Educational use includes non-commercial use of text and images in materials for teaching and research purposes. Digital reproduction permissions granted by the Humbert Camerlo Estate and Full Moon Theatre Project. For other uses beyond free use, please contact theatredelapleinelune@gmail.com.",https://rightsstatements.org/vocab/InC-EDU/1.0/,yes,Image;StillImage,fr,
fmt000117,fmt000117_edredon_watercolour_40.5x32.5.jpg,,Edredon watercolour,image/jpeg,,,,,40.5 x 32.5 cm,,,,,,,,,,,,,,,Humbert Camerlo archive,,,,"Educational use includes non-commercial use of text and images in materials for teaching and research purposes. Digital reproduction permissions granted by the Humbert Camerlo Estate and Full Moon Theatre Project. For other uses beyond free use, please contact theatredelapleinelune@gmail.com.",https://rightsstatements.org/vocab/InC-EDU/1.0/,yes,Image;StillImage;Painting,,
fmt000118,fmt000118_edredon_city_watercolour_31x24.jpg,,Edredon ice cream city watercolour,image/jpeg,,,,,31 x 24 cm,,,,,,,,,,,,,,,Humbert Camerlo archive,,,,"Educational use includes non-commercial use of text and images in materials for teaching and research purposes. Digital reproduction permissions granted by the Humbert Camerlo Estate and Full Moon Theatre Project. For other uses beyond free use, please contact theatredelapleinelune@gmail.com.",https://rightsstatements.org/vocab/InC-EDU/1.0/,yes,Image;StillImage;Painting,,
fmt000119,fmt000119_edredon_moon_landscape_watercolour_29.7x21.jpg,,Edredon moon landscape watercolour,image/jpeg,,,,,29.7 x 21 cm,,,,,,,,,,,,,,,Humbert Camerlo archive,,,,"Educational use includes non-commercial use of text and images in materials for teaching and research purposes. Digital reproduction permissions granted by the Humbert Camerlo Estate and Full Moon Theatre Project. For other uses beyond free use, please contact theatredelapleinelune@gmail.com.",https://rightsstatements.org/vocab/InC-EDU/1.0/,yes,Image;StillImage;Painting,,
fmt000120,fmt000120_1991_fmt_stage_photo_26.4x18.3.jpg,,Full Moon Theatre stage photograph,image/jpeg,,,,,26.4 x 18.3 cm,,,,,,,,,,,,,,,Humbert Camerlo archive,,,,"Educational use includes non-commercial use of text and images in materials for teaching and research purposes. Digital reproduction permissions granted by the Humbert Camerlo Estate and Full Moon Theatre Project. For other uses beyond free use, please contact theatredelapleinelune@gmail.com.",https://rightsstatements.org/vocab/InC-EDU/1.0/,yes,Image;StillImage;Photograph,,